F_UserName,User_nIdx,F_Comment,Label,TextLen
咦我昵称哪去了,1570,  ,2.0,2
少女不到80斤,378, ,2.0,1
为昵感动,769, ,2.0,1
TheXgoisw,2720,  ,2.0,2
糖葫芦不酸吖,884, ,2.0,1
Chersan_,454, ,2.0,1
Vincent___威少,781,  ,2.0,2
lucks00,1590, ,2.0,1
青春纪念12138,2266, ,2.0,1
兵长死面瘫,882, ,2.0,1
卡卡西的白毛浮绿水,1217, ,2.0,1
hoshif_星风,798, ,2.0,1
啪la啪la芃,2349,  ,2.0,2
盐煮菠萝,2697, ,2.0,1
有才Keith,307, ,2.0,1
斯蒂芬徐,8,  ,2.0,2
黑瞳过年,112, ,2.0,1
Halooz,1709, ,2.0,1
王阿口Echo0O,298, ,2.0,1
眼科学员,1296, ,2.0,1
iiiaao,601, ,2.0,1
一及万亿,1364, ,2.0,1
Lu5h1ife,489, ,2.0,1
铜仁铝精神状况观测中心分院,1339, ,2.0,1
喵了个咪喵喵喵喵,404, ,2.0,1
NNightRaven,743, ,2.0,1
矬謉_Jason,1435, ,2.0,1
踏海行者,1259,  ,2.0,2
踏海行者,1259, ,2.0,1
踏海行者,1259,等着被告 嘻嘻,2.0,7
為愛麗絲塗油,577, ,2.0,1
喵咪北胞,279, ,2.0,1
moyorl,1279,     ,2.0,5
moyorl,1279, ,2.0,1
不知52010,1836, ,2.0,1
酒一烟和我不搭,785, ,2.0,1
Dear南笙姑娘,1223,  ,2.0,2
勿念无餍,2029,   ,2.0,3
鹿王鹿,1974, ,2.0,1
工口大灰,365,  ,2.0,2
三山四海兔江湖,946,  ,2.0,2
赶快叫我起床吧,662,  ,2.0,2
_芊芊芝莉_,870,  ,2.0,2
__雪儿_,529,  ,2.0,2
一颗水泡饼饼,581,  ,2.0,2
伊东酱,1917, ,2.0,1
叁漆贰拾一,1817, ,2.0,1
香菜跑了,2601,  ,2.0,2
咖喱是阿三,1633,  ,2.0,2
职嘛开花节节高,2420,  ,2.0,2
大美丽的小锦鲤,2441,  ,2.0,2
乖乖宝宝一枚,2457,  ,2.0,2
佐佐木了啊,2654,  ,2.0,2
佐佐木了啊,2654,  ,2.0,2
佐佐木了啊,2654,  ,2.0,2
Yinyangshi66,1702, ,2.0,1
DdeJaVuuuuuuuuu,1580,  ,2.0,2
十香Princess2018,2370, ,2.0,1
超级男孩Hero,1587,  ,2.0,2
小宝宝无敌了,2631,  ,2.0,2
小宝宝无敌了,2631,  ,2.0,2
小宝宝无敌了,2631,  888,2.0,5
小宝宝无敌了,2631, ,2.0,1
我真的是一只小恐龙啊,95,  ,2.0,2
我真的是一只小恐龙啊,95,  ,2.0,2
我真的是一只小恐龙啊,95, ,2.0,1
我真的是一只小恐龙啊,95,  666,2.0,5
我真的是一只小恐龙啊,95,  ,2.0,2
BiBYAk,2108,  ,2.0,2
BiBYAk,2108,  ,2.0,2
BiBYAk,2108,  ,2.0,2
BiBYAk,2108,  ,2.0,2
龍丶殇冰,251,  ,2.0,2
双山之后花园,2685,    ,2.0,4
老年人刚通网,2355, ,2.0,1
冷眸---Sou,1369, ,2.0,1
默默路过的蓬蒿人,2054, ,2.0,1
九处,472,  ,2.0,2
lovepeacemusic1314,2203,  ,2.0,2
错过你笑,545,  ,2.0,2
__CICC__,222,  ,2.0,2
终极鱿鱼香蕉牛奶象拔蚌,2155,  ,2.0,2
喵和仓鼠是一家,140, ,2.0,1
NESTSIGNIZ,658,  ,2.0,2
三千路云月73629,2470, ,2.0,1
猪啊豪,409,  ,2.0,2
有栖川橙子,2247,  ,2.0,2
chelly丶,199,  ,2.0,2
穿刺术,1457, ,2.0,1
我不是你的可爱吗,2373, ,2.0,1
進擊的暖寶寶-T_T,165,  ,2.0,2
容我时醒时醉,1869,  ,2.0,2
itharius-,2478, ,2.0,1
让世界变得更热闹吧,1061,  ,2.0,2
满岛黑黑黑,2326,  ,2.0,2
二十三年雨,1719,  ,2.0,2
多啦Li萌,675,  ,2.0,2
人群中的小黑,1593, ,2.0,1
报于桃花,2210,  ,2.0,2
Centity,876, ,2.0,1
赠与你的山茶花,1847, ,2.0,1
你咋这么你为啥,1926,  ,2.0,2
啊烽烽烽,932,    ,2.0,4
我什么时候能遇到心软的财神爷,2383,      ,2.0,6
纯洁善良温柔小绵羊咩,734, ,2.0,1
我超级喜欢华子哥哥,1170,  ,2.0,2
超级抠的华子的同事,32,  ,2.0,2
星冉泽银,1002,  ,2.0,2
名叫菜月昴的骑士,901,  ,2.0,2
寂灭千星_776,956, ,2.0,1
活死_猫,1080, ,2.0,1
心镜D,1511, ,2.0,1
零一灵依泠,1786,  ,2.0,2
殇璃51089,2558,   ,2.0,3
張家_四少,461,  ,2.0,2
Eruion0,1153,  ,2.0,2
改了名儿也像个水军,375,   ,2.0,3
陈塘关首富之妻,767,  ,2.0,2
好运爆棚女孩,376, ,2.0,1
正月十五不圆吾宵,2603,  ,2.0,2
我好像重生啊啊啊,2580,  ,2.0,2
不知名赌狗,2646,  ,2.0,2
芫荽梗儿,576, ,2.0,1
山水情缘花,2026,  ,2.0,2
gadabout,913,   ,2.0,3
老用户之路,572,  ,2.0,2
吃货千金妈妈,620,  ,2.0,2
落霞艳,614, ,2.0,1
麒星兔照,261,  ,2.0,2
joy1959,1928, ,2.0,1
被子好冷,479, ,2.0,1
佯嫚,1225,  ,2.0,2
DIEE_HAHAHA,277,  ,2.0,2
那无法触摸之人,2444, ,2.0,1
爱榭,732,  ,2.0,2
桃小桃-Hestia,2582,  ,2.0,2
iJianyx,703,  ,2.0,2
倾城恋怀,2262, ,2.0,1
倾城恋怀,2262, ,2.0,1
0天赋,1478,  ,2.0,2
喝一壶老酒酒,2044,  ,2.0,2
不爱发博王左军,166, ,2.0,1
不是曾老师,427,  ,2.0,2
3dmun6Zfan,2009,  ,2.0,2
凪椰真栗,930, ,2.0,1
散落羽翼丿,90, ,2.0,1
38号关系不能控,2187,  ,2.0,2
我来组成分子,2088,  ,2.0,2
哎嗨呦拽,432,  ,2.0,2
zzzdvvvvvvvvvv,1390,  ,2.0,2
美丽玫瑰好好,1615,  ,2.0,2
浩轩Y_Y,979,  ,2.0,2
NeogrePrime,2028, ,2.0,1
MR_YGL,258,  ,2.0,2
4K包子,10,  ,2.0,2
南周333,799,  ,2.0,2
荒城之歌,1205,  ,2.0,2
Ning某,120,  ,2.0,2
在摩洛哥寻找乔治微微,2160,  ,2.0,2
Eerikkk,1287, ,2.0,1
Tom同学哈哈哈,168,  ,2.0,2
九十五是我,627,  ,2.0,2
千年梦寻客,588,  ,2.0,2
镰舞死神,118,   ,2.0,3
凛_水无月,358,  ,2.0,2
子路我擦勒,483,  ,2.0,2
true-lcy,275,  ,2.0,2
Bladerunner_07,430,  ,2.0,2
老婆是包纸,613,  ,2.0,2
驯规捣矩,777,  ,2.0,2
騒乖可爱宝贝络,1876,  ,2.0,2
我傻了丶真的,908, ,2.0,1
全洲华love,619,  ,2.0,2
天意城神童江瑜,1796, ,2.0,1
奥斯特洛夫斯渣,284,   ,2.0,3
willuon,1662,  ,2.0,2
七夜菌绝赞社畜中,188, ,2.0,1
是听听阿,526,  ,2.0,2
333Repeat,144,  ,2.0,2
仙霞派代表,402, ,2.0,1
葬剑亡谷,2622, ,2.0,1
大头_红警13,494,   ,2.0,3
一绪临,961, ,2.0,1
某中二小鹿不吃葱喵喵,248,  ,2.0,2
LWJ_7_LBJ,681,  ,2.0,2
栗山未来厨,371,  ,2.0,2
show囧囧,1114,  ,2.0,2
佛系月宅,1726,  ,2.0,2
佛系月宅,1726, ,2.0,1
心之所向人之所行,968,  ,2.0,2
勿心随心,898,  ,2.0,2
此世魅影,1537, ,2.0,1
周笑穿,452,  ,2.0,2
Crazykara,1124, ,2.0,1
蓝色格zi,66, ,2.0,1
口袋小胖,647,  ,2.0,2
骂人兔兔成大V,1465, ,2.0,1
信号发射biu,811,  ,2.0,2
行走不回头,504,  ,2.0,2
顾忌_Vino,959,  ,2.0,2
c不吃夜宵,383,  ,2.0,2
Pillow_bat,1486,  ,2.0,2
苏谛斯厨,1113, ,2.0,1
能不能跪下来听我道歉,137,  ,2.0,2
时间拉津斯基,2602,  ,2.0,2
尘归尘封,1419,  ,2.0,2
丶初璃丶,1844,  ,2.0,2
红玉胤紫,98,  ,2.0,2
姜桃的杂货铺,1308,  ,2.0,2
菜刀温暖V5,244,  ,2.0,2
千夏丶凉惠,1683,  ,2.0,2
门前大桥下游过一群唐老鸭,523,  ,2.0,2
我今天学吉他画画日语Coding了吗,836,  ,2.0,2
拿俩火烧,563,  ,2.0,2
qwqwq6084399922,2120, ,2.0,1
-烔妖-,996,  ,2.0,2
最猪儿,96, ,2.0,1
咯烙珞络骆洛丽塔,1678,  ,2.0,2
BZyaaa,1233,  ,2.0,2
在看什么阿,1014,  ,2.0,2
W-21-End,1352, ,2.0,1
丨汉化丨,1076,    ,2.0,4
见猪师,398, ,2.0,1
盛夏的野兽_,97, ,2.0,1
刚好被讨厌的香辣酱,2047, ,2.0,1
离马路,2077, ,2.0,1
ShadowMurlong,71,  ,2.0,2
Lineisbusy,2269,  ,2.0,2
潇潇雪_,2614,  ,2.0,2
万叶飞花流丶,1527,  ,2.0,2
牛批熊,1672, ,2.0,1
让我化身锦鲤叭,1384,  ,2.0,2
Jx188170708,2256,  ,2.0,2
这幸运的一年,1008,  ,2.0,2
亜空間遊泳,105, ,2.0,1
今天逗逗光烙印了吗,2362, ,2.0,1
被宽恕的菜狗,1997,  ,2.0,2
江沢喵子,1070,  ,2.0,2
啊咧可以改名字,636, ,2.0,1
暂时冧唔到冧到话你知,175,  ,2.0,2
Jessie是条女汉纸,2605,    ,2.0,4
福尔摩斯爱摸鱼,797,  ,2.0,2
V29822,1434,  ,2.0,2
大杜老师15,347,   ,2.0,3
GZrea丨,2154, ,2.0,1
振Bryant,1379,  ,2.0,2
手握一只小秋,1131,  ,2.0,2
铭骨以终身,1826,  ,2.0,2
FatMan_久,77, ,2.0,1
耀夜姬sama,2112,  ,2.0,2
微笑与暖风,410,  ,2.0,2
Allen-Z,132,    ,2.0,4
kerorodororo,1007,  ,2.0,2
仓鼠王DYX,2010,  ,2.0,2
肥对行,324, ,2.0,1
忍者神龟Jackson,704,  ,2.0,2
陳陈陈C__,449, ,2.0,1
萝莉控的wd,598,  ,2.0,2
四季天迟,1785,  ,2.0,2
寒风雨微,621,  ,2.0,2
馬将军1989,146,  ,2.0,2
破旧的时光机,202, ,2.0,1
比企谷阿华,1303,  ,2.0,2
Eeeekai,1481,  ,2.0,2
誊朔980,754, ,2.0,1
从前有只咩萝poi,474, ,2.0,1
大眼贼让我说话天塌不了,447,  ,2.0,2
收音机今天关机了吗,1374,  ,2.0,2
锦鲤本尊就在这里Koi,1466,  ,2.0,2
理想未三旬,513,   ,2.0,3
Allshit,670, ,2.0,1
Axier97,1220,  ,2.0,2
XiaoChoubbb,415,  ,2.0,2
小happy点,440,  ,2.0,2
幸运的血玫瑰男爵,1896, ,2.0,1
AkiAka666,314, ,2.0,1
风的彼端是云吗,960, ,2.0,1
明将会是怎样,1251, ,2.0,1
李四一个大笨蛋,918,  ,2.0,2
不冷也不热的HUI,1494,  ,2.0,2
清池-旧梦,2141,   ,2.0,3
林克sama,1366,  ,2.0,2
吥許熬夜变成cj惹不起勒,895,  ,2.0,2
Ars-凛,1670, ,2.0,1
亚拉里亚拉亚拉熊,191,  ,2.0,2
OG的狐狸头,868,  ,2.0,2
神山神海,1873,  ,2.0,2
GhostSAMURAI,608, ,2.0,1
水饺码头,72,  ,2.0,2
一定是假号,924, ,2.0,1
Ant1m0ny,123,  ,2.0,2
Ant1m0ny,123, ,2.0,1
梦醒默离,1725,  ,2.0,2
麻将真有趣,1034,  ,2.0,2
咲奈心,1829, ,2.0,1
唯yuan有小爆脾气,29,  ,2.0,2
Lagann-,963,  ,2.0,2
朝夜的光,2134, ,2.0,1
津上翔一_厨,744, ,2.0,1
傲娇的大尾巴玥,663,  ,2.0,2
就不能全英文吗CS,363,   ,2.0,3
饭岛靖贵-,481, ,2.0,1
爱茵最可爱,1907, ,2.0,1
看花人犹在,710, ,2.0,1
一份糖炒栗栗子,484,   ,2.0,3
天上天下天地无双喵,1893, ,2.0,1
